,0,1,2,3,4,5,6
0,495.22194026634844,769.7338682758968,782.2274067785222,671.2245901222068,948.3762875733813,775.9442480734147,785.0453580679668
1,139.9413049703167,210.72101631382338,200.36730946996573,163.85420123434795,161.01192051646564,195.2323028088554,173.28628991559066
2,86.10260308370982,143.28078918179963,146.550576195513,132.84242639942494,142.97612964339964,118.29129007480353,122.79456637805919
3,61.215815540653665,85.9353587090497,85.86152151551877,81.04826888071536,92.24349996459408,86.0187163625798,88.87568466127198
4,75.25300111051374,97.90188323529921,86.86004283257421,95.23397008060292,102.49164782649306,96.50757517504569,90.39178357664686
5,60.98548368255207,98.50404044366233,99.55373859169777,71.28710012103915,92.5378204970821,83.07798280302048,79.92118419215494
6,87.09405076132013,72.73791700076497,90.39966866531222,77.42308527842415,71.2238465122289,81.99617882531064,75.34392517009768
7,64.6492538834469,75.06365581306072,77.25253144788456,68.88374877313353,68.97870143869254,72.0546912980276,67.77985780264302
8,34.37488824088104,52.373656659793724,57.086667301779904,51.07910848106957,54.28587920832368,47.403869021102196,47.19585561937477
9,60.36136199829146,69.07291576027157,73.78248718831281,57.963813659244266,79.71299246296036,58.19313004269242,54.13215013283327
10,49.0056175025325,63.30340968940001,71.88565188249015,58.58889728815658,72.54873656803466,64.26933063100014,56.645135191866935
11,58.69827120588732,76.32212903845416,66.82577421353535,65.74627750428336,74.27800800038672,58.31871725043914,54.42144290303328
12,59.16580980461403,72.62227276103374,61.91349592151475,60.06528422351144,65.79859609302783,53.7849571973496,50.17175837593801
13,51.370401243070326,61.05242802325191,67.36546138407653,58.21295841414312,54.45621620980719,36.15864237108734,42.794447306867475
14,47.232500566426424,56.24718438565132,53.528554921273454,67.75415898988996,54.771691304435265,49.939017279549745,46.41044281521387
15,52.61683848940792,55.15917981758086,55.96746419860153,49.913570549164476,47.10532408403238,40.75969983195731,45.82040965723169
16,40.655033503447015,50.73465947301878,50.90654453201148,44.61603734062756,50.28545632400687,48.87400712563236,44.85035467443083
17,37.545743666454165,48.424626872397546,45.44908321612767,40.92838229132704,45.01790674363867,50.04172170557614,40.665307556521775
18,46.36667219497106,48.00875815877282,49.08024665222424,46.88267172825596,48.88302563436517,53.41854499212382,43.085387131701296
19,40.4878986050688,52.656040419786294,53.893952477444984,48.70816354224203,48.48053387443184,41.31363318097187,42.750051247691474
20,544.2474225597208,868.9010582094303,875.6265835770218,769.6135044063701,1124.4096338887143,869.89029035466,860.325058954659
21,355.3330705468004,342.9118741297018,312.3523320812628,346.7362226414391,402.9134042599303,342.80202059943747,372.2126163893347
22,248.08242902700343,317.3515195644628,338.9738762694501,302.15964553458144,363.858044848086,338.02163994014785,303.9579125695937
23,155.13331759916906,233.57483900407024,220.86895948276458,228.9742828015826,243.68544694155747,232.04875707870443,233.12157739221817
24,162.36706953193877,262.637033824081,216.66533110716153,254.29127057314292,240.08071560706372,288.9636757634752,254.60702018228653
25,128.85718219962044,223.19292183216004,177.80486310266792,161.60930298753755,198.06625239341577,195.84643619352002,191.9202797010089
26,158.39384464220268,150.53738697670767,172.6366595603334,177.27092346301632,167.07182114721755,171.92224854079274,175.67765918560008
27,97.3541111275114,154.31308563661852,179.01460840599742,176.54396526937074,211.39290186597387,186.74119750140238,187.66289312866724
28,90.82080506011005,124.97948923701091,137.01670439244444,114.08950897844815,138.8044620267865,134.1171473735241,123.91909397949118
29,135.0407898765647,140.56491924138118,161.07678726495604,142.3854408762906,155.353453211666,140.94930554808462,132.07318407849195
30,105.0745905751291,116.60822830494729,122.1912750160948,121.69258087990312,118.79453588058308,126.57524881643081,112.51419959725865
31,91.78340274845047,101.16748772611439,110.9278452101282,102.1735217614825,113.05848900091291,105.51413600686722,106.99920498162273
32,116.58803490133769,134.32216174632515,124.66313353307746,130.54901843407478,127.36560337405074,118.17990107877222,104.77364660439056
33,77.05400988712556,108.650798915937,100.16420738292767,100.31788202625363,123.00373626586429,106.79279566653827,110.6590765313997
34,97.80717932951572,133.19985676919444,85.323370217336,92.75991879771709,116.1611591443384,120.2656139417235,105.11097516650518
35,82.9872152257978,114.47192681027008,101.9383293662974,114.50633862599798,110.34057484203394,102.85602902643805,108.25430307585992
36,95.42184011731771,109.74314955724188,110.67338012356376,104.55203523324532,121.15772420347389,112.65750266086081,117.42768034826982
37,76.93239721248732,105.17634750445269,125.72204952819405,90.76901171290788,119.38621316824403,106.97219225588445,103.24059764105124
38,72.64279246425514,117.69031374848936,147.3824308264724,130.1501216052065,138.80094610126474,122.2527690936679,120.15294409032481
39,89.85505778516753,102.70577561762849,107.54503541096024,92.52567913431494,110.9583256446588,89.60682359365593,94.48942310577507
40,484.35123654630695,812.6337938237375,743.9410147125964,626.5205543375376,926.9920754750805,811.4855323130845,790.5900601880955
41,297.3607326098932,323.97627062774933,338.37089956837826,315.27749980266856,270.9507915864334,279.88861117632547,278.00874291435895
42,202.3785902528598,229.297240153649,238.9218767826386,220.02702155653617,196.22303355326176,216.85695194480294,224.65240439027954
43,140.1792193232176,163.16157616479103,174.10592137989846,188.27847455653307,124.99738977619758,160.01717636977963,174.66879456361454
44,168.63369615962216,182.49520909716105,181.35457656574033,207.19338837250103,139.77310962142846,174.07811251846692,178.41787397719577
45,133.78640433460237,152.5457520673671,153.03118114086485,132.3712995587806,111.24117526739191,130.95642464050388,153.4983127304379
46,140.98969213873707,140.20463274663177,145.03387419106772,124.17326245017941,170.88765391118517,140.17332725291183,148.8941009020432
47,117.05398706187222,118.78886485264847,125.82760641822676,122.51722210261735,113.54402563218899,121.75629514789958,124.68292427622971
48,88.84100093130229,96.65856633539428,103.34221916801472,101.807588070025,94.25533319657845,97.14549535409772,100.96981583825112
49,150.64258826007233,181.33324688257755,161.85838034175754,152.4056612985333,206.6203942953546,150.27851392991053,131.6493006847175
50,109.37762157616382,132.8045010975383,90.4825559799342,120.40791294867734,129.0729852080781,119.26271802177284,130.99060447948762
51,86.25785166927409,166.5980557376638,182.0771757138998,167.57592184297738,162.48766356777267,130.26722195552387,133.86680310838432
52,135.28115123141671,159.36458682366376,159.89652132048334,156.89046909890462,156.47146905536908,129.2080486445426,162.46734179443962
53,57.63685925560959,175.0380190005963,188.43879087599313,168.97158650618923,175.3987769005393,110.77764956381027,160.83870390539394
54,86.10084040506518,171.81764645111298,163.26790804285753,191.91012348171378,164.08228819960374,121.63257765227038,170.68492425684406
55,81.76280675460929,172.91905168031462,176.0784190458004,178.88009094480364,166.2059418897639,155.32995893867985,171.5606192175839
56,70.70942649222363,171.20209452196084,163.9260800296772,177.60947532755586,164.5382854838365,159.4873659328874,168.53158146732827
57,120.70910292757816,203.14583353993171,223.01410699934226,189.53419451448627,194.09195056004575,182.17664385521846,193.3019285896266
58,82.01541488797756,162.10554699992653,170.41310941973927,160.46807072715254,150.7661399523895,176.5823383514521,163.89007468811738
59,144.48703681956974,202.45281542660493,190.53491146475434,184.5023795645805,184.7864154212212,199.76202943986982,185.80224194607317
60,177.81206027504092,214.27565628539853,177.53826585418483,195.8405512641727,196.55241877779918,190.6286728683629,129.20179808159966
61,102.28309949654455,112.35229010853394,120.27111810732205,122.7734702396387,102.02835651432837,106.29700553051774,105.17085422719555
62,50.423368194599895,79.62064993313525,81.32512593224648,69.57391306820631,95.06072485722356,75.24176322862972,75.54171413001075
63,39.157008571323786,44.33382420196139,39.02384140352136,43.20021420925042,50.12030430498879,32.03263989033088,42.151556709696166
64,33.05468064948719,53.57377031953284,41.30517505146099,47.53488055495618,66.45921164492302,58.11706924953535,50.23959443900674
65,27.682559791445122,47.1323709408191,48.005119302383434,47.652448580192384,45.12776454431325,43.532687748160924,46.47828084951153
66,38.518416916148745,31.20189769104321,41.68345495417948,40.632492913662595,40.69808603499021,41.577493729912405,39.03987028329442
67,22.662808137036514,32.61043561667436,36.041596922495906,34.46338889601316,33.16157014776906,36.953742766939776,35.920764729329456
68,36.510697062601764,34.08949111752466,43.25813493871783,37.05986633063762,42.46484453707523,38.33199548050051,37.35019638796023
69,33.6912875392576,37.02555633647756,32.07062572208263,35.86699237417763,44.0532016593631,28.49949870418744,26.182027269217492
70,27.73411995707974,30.75902480402774,29.526691300053884,27.681689810420384,31.821660972410047,31.742782539863427,30.057752802211095
71,30.05101939702412,35.71501195466745,33.65590532166398,35.174401992836394,38.71106944590168,21.562362018060753,26.032439934445748
72,29.542006217268145,33.464525198258805,30.285656312068514,32.90285886168656,28.95756660413256,26.295781440074983,29.170258062063134
73,14.830051633553893,43.31916219860808,48.81616861207864,43.19122955392203,42.86394643861031,19.32929650845256,32.30967950789432
74,24.784712651590137,30.905625435518086,31.87257221844336,32.60699912359523,33.36975613033073,23.979695717122567,29.463492805726982
75,14.037344664575278,34.708262203836476,37.63070577509821,34.36498643578396,34.420463396625934,21.205044522126137,32.09243161021633
76,29.710853217009692,34.96931748214664,44.79427686300633,33.048432585196146,36.63593879036143,26.34372832707948,34.78666742085268
77,21.059356014256807,44.67092109809916,52.76130944051029,46.39752840484627,45.24686575433981,43.4645848215452,44.22932607444937
78,12.551380128666205,31.06299772001079,36.087635825191974,31.309720293439838,28.08125364458807,31.990436191943562,29.663617432929048
79,26.22940248244984,36.54334484742179,38.35899626929787,35.5822097273983,35.96585636315288,33.745183655712864,34.72930284479529
80,2.841539036038268,1.6425465027282198,2.473042640026382,2.371001801094812,2.5064866177569383,2.2224392420961565,1.9109003928091335
81,6.643957064304304,7.684111606714002,8.296159846021869,7.723370224578874,6.987341255929694,5.5683964432138024,7.379053303225562
82,15.763489493453124,11.022904988330133,15.730046643856113,15.705810277087632,17.5513787229712,15.26448888448141,16.845990978673623
83,10.650646399924968,12.737938899061774,9.626899185260541,11.732772380709772,12.349016825604092,11.551137846767887,10.463238664917611
84,13.516135386673282,17.847618648033798,16.41614547857567,15.114736045885335,18.62567280368766,19.18492665639569,17.504530008021852
85,16.15554149802955,14.470833707037253,14.537531098628445,17.410021643604487,18.14216660247274,17.50914452573218,16.26964300135197
86,14.323081701097975,16.74649122739065,15.394970560118932,12.857887903885631,13.791120717031832,13.426299646022027,14.645001835523212
87,15.566858006037805,17.084938743232115,16.891022463688408,19.28798361824137,23.784708520955427,20.715572539579412,19.858799125028998
88,10.669826502677523,7.354245118621209,10.279966800731495,11.155667027876266,12.174715100686669,9.646217447962748,10.470507971594218
89,15.830787514634423,17.048493200850945,20.71081408782567,18.196552084994636,21.502838619326937,16.85118492530406,17.717813146727263
90,21.019233915544998,19.4123439776139,15.174334128657243,19.005831463790187,12.36351395063189,15.916491921704516,18.020991340802723
91,18.88885101752322,20.40069847307006,24.861401098815385,21.17686429405789,22.713839108467077,20.16862751841677,22.12861483927977
92,14.701892108839253,20.381151747204584,17.52608090697399,17.663314526855725,18.207084653117263,18.161920404123006,17.82545628212197
93,15.18044583456787,22.467070519438785,15.940795459619467,21.309359712555764,22.654750683656182,18.636164456837253,20.619195947541847
94,11.493155395581926,18.54976473228881,16.893432743114534,17.994184322346193,15.059969491725257,14.360737732010193,17.409789485812688
95,17.87162887665084,37.414758739631296,15.98521330748192,32.06396587477082,31.989583094569944,36.01727408711275,31.26182157381118
96,11.062711609375521,20.439248742714362,12.836214181556034,19.897026917893083,18.368414627281275,22.913793803542625,19.203168711832138
97,19.746019622048582,32.15074623659709,28.24993628871553,33.935426900695916,28.429638285742104,27.506154451189143,31.54159669895939
98,21.19925662157099,26.5048709033116,30.894451645494662,25.95181841790161,24.6090883118072,23.980182552298224,24.65173601773217
99,48.43496080679947,36.92115195606013,28.586916281652623,33.930543523019864,33.35805733883101,31.889222560232135,34.1891435226734
100,2.727638775615158,2.45612036616765,2.6934094201099206,2.496392593258288,2.3703583147638856,2.990253987233121,1.9822857801718383
101,3.694773962882075,4.750946604427959,4.793852062112345,3.9887062292461875,6.296886304308504,4.369908905927043,5.099684862067177
102,6.799570882397918,5.725694264756592,5.837935359609389,5.958901599253984,6.201725022572186,6.249987670934849,5.795528885817742
103,6.7297453245537,7.194258931518939,6.625687526941388,7.531871955512656,7.405607712936112,7.1325848635687485,7.2938111686239955
104,7.060765765603616,7.740583252415451,8.161081560721572,8.598807585497783,8.318805954401462,7.853325021404052,7.624743190791012
105,6.051922828585372,6.791457643817944,6.778108816202579,6.429758550239007,6.28241736569339,7.320041832628027,6.7695393352342
106,5.8170928312874,6.2548648856868,6.312316558125912,8.50978680749166,5.850896397628249,5.867015844952365,6.698780488217588
107,6.34246313743528,6.646337014221217,6.596522643707329,7.33811594334724,9.182376129780495,7.817165871995574,6.412151050640119
108,3.9838138836049337,3.2579295514378015,3.8017309558280035,3.753447685580819,3.9341218556676845,3.9104449642595345,3.507568353718767
109,8.812848533756945,9.687431374709005,9.517931188131591,9.600097181162624,9.385618050226423,8.34770271197582,8.757888256291249
110,7.422737881527292,7.4738144329234615,6.202593124537663,6.7863845277504655,5.386596237248942,5.682571377505496,4.734870000392167
111,9.466045545559817,11.08881160992207,11.000971376907673,12.342216659889086,11.210718096991185,10.344491513115686,10.31602995752086
112,7.923965603712052,7.239717635270632,8.336123017240322,8.444283309881916,7.6168885733758565,7.889016903924438,6.457319087643759
113,10.47035479663364,12.178265383168466,10.211132917168587,12.370382476519316,10.549843187089438,9.559713325433611,11.174266015645578
114,8.152566775421674,8.555667131944826,9.175728797752098,9.08468551908799,8.786390781747846,4.891370977170755,10.833569614688429
115,10.225436210268802,13.918692434155517,10.955983588590527,12.698460127899347,12.460959321813984,14.462716672794699,12.674356900731507
116,5.2886004336695915,9.779483097529095,7.8465377322923535,9.263925142725236,9.105372066507813,9.425901034773336,9.830745912950327
117,11.75639947629967,14.98288838160144,11.917651903304519,13.467338784573636,12.433095843729028,13.430147502965895,13.67038727275363
118,8.7863627242812,11.598582378965684,11.130224777033026,10.909034369827776,10.927832463614564,10.67910805775351,11.995781525510987
119,14.692112862521107,13.042199283765225,11.80677983412324,11.909070181339837,12.953205683796215,13.419100145141947,14.238516853103423
120,8.30754492795903,7.660373144037247,8.619752386036328,6.912038693030315,7.500691692736622,7.6944420098595625,6.2723999919517475
121,2.2193469740869833,2.582998680549479,2.962360359135294,2.313192955569973,2.512851441230803,2.460805396148244,2.081959220508259
122,1.3172336548295096,1.7564723914248463,1.720743754991696,1.421077189886542,1.7658289046533553,1.617339845079685,1.5023358385353256
123,1.5922716560543875,1.1647517415558062,1.4464060455031764,1.2659497596352467,1.5204371235152108,1.1372251839504484,1.1976446821773432
124,1.0566099760305838,1.2280952041425617,1.1446079751137153,1.0961772463221173,1.4829383886745637,1.1672308462076635,0.9676590920877219
125,1.0018682344918135,0.8868279056779094,0.8353360384478105,0.8032736033284192,0.9591713977368332,1.0921858326475495,0.7862852497627045
126,0.7777346327021561,0.946689071782348,0.9945909917809697,0.7554333251977813,1.2024579619254925,1.025981149109438,0.745417437870662
127,0.8920123486570853,1.1183456785171892,1.1699969549991553,0.9948271020183399,1.1442352412688568,0.9981520947971306,1.0773050477291897
128,0.7270187034829251,0.6375857850862312,0.7880167154814588,0.7487395221416705,0.826050809068232,0.8519377490367122,0.8000256007974866
129,0.7070232283028337,0.7289696401896786,0.8026636992085736,0.6753751289224512,0.9881698028401806,0.9435466435487074,0.7592167321892381
130,0.6285159670202141,0.6701762708009958,0.7411762606735004,0.563537087227426,0.7038907198034737,0.5521061134127627,0.6224792680408779
131,0.730533599728856,0.6575023638391148,0.8227951028967514,0.7294605220642901,0.7506497000052013,0.7130495406534646,0.5881391438436889
132,0.6365393348415389,0.6159737212911912,0.7559759166406479,0.6277546381759362,0.8477421077063986,0.7935747271388474,0.5202500019364816
133,0.4931496078805282,0.49271754368075305,0.5132401477023543,0.4360908447887656,0.6335356656196747,0.5627430930515978,0.5051983296423133
134,0.5769327283513072,0.5148846942522651,0.5536040996585941,0.5184368285717957,0.6353066045969242,0.6386870608800381,0.5457809772025144
135,0.5703940238903404,0.5930463380409421,0.5910983751244103,0.6621376057679172,0.795442206061476,0.6126526391172027,0.6203682988385071
136,0.5580152245955063,0.4477195417640605,0.5706983275122441,0.5340733936168102,0.5935031503351402,0.3920063683757441,0.43291015989726744
137,0.46888549002934293,0.4870713506086597,0.55862523463527,0.4747506373366447,0.5628595066733859,0.6418129407537922,0.5825925475977961
138,0.4637585199127225,0.49464584217433005,0.5155722355106144,0.38076562003601055,0.4934797315195787,0.3773072720079057,0.3984110034324103
139,0.44084995494342183,0.39642386080287434,0.43168885759704934,0.45077458534094544,0.4959210897988854,0.3847349914287186,0.37758915186150993
140,172.22451679514924,219.87767566557324,183.07121030887197,165.15457342322583,183.24474511021452,182.24653700974784,196.2694164176092
141,181.46006250769796,217.0848886722604,221.27875305184392,209.3966737316994,216.73486071949816,236.39108791806987,226.78627927172298
142,233.14036308986368,190.0474278021881,182.40884817608023,165.9235768191719,169.5509988894139,189.05137215140246,183.26797865632267
143,94.68049818695977,112.91652685857429,111.33373188230735,103.00090559243641,99.53725143496928,125.51022832885377,107.02070506747347
144,129.0929474544147,110.964517241761,122.32682827866739,122.21486092013087,108.33023669551329,124.35282686295618,119.85691852663726
145,84.64973317282974,108.56661012645957,89.39937702790172,106.6136346009574,88.9979940015867,155.7421361319751,110.44352718873361
146,103.97985619554184,107.3738690167671,113.20009395260126,113.37493292394376,101.04515992398412,110.69138935256471,101.05163521982016
147,59.47261226467661,70.66166093550794,77.68071533542934,68.20094330493947,83.94638193942207,69.8737635537787,78.98218742097741
148,94.14635293857367,97.88928187358155,98.29128332447394,86.50595398552868,107.40214094084973,82.30089976806438,93.64054613054765
149,49.88588103088168,63.86044508100099,64.91975055460212,61.75853687830761,68.22969005753565,59.62876062494284,60.289103986706664
150,57.40590684748211,75.44202275524835,77.12404989876492,69.61801531317893,71.34050459487614,72.47713208143188,77.35516561164562
151,56.923537921227044,63.69387951310726,51.75965721266327,66.6317722193758,63.497515302371234,38.82794032558512,62.92608122036725
152,58.692023241290634,73.94996594801373,70.50744008188342,76.10830713885063,77.47559132039277,90.79142371801083,82.25050465327011
153,51.466514006615455,75.14481317439747,75.68752491302745,72.70003061763433,72.12682098927968,76.11550741175652,72.49496083579842
154,46.26142327466736,77.18324771760348,94.89849487951435,71.57792030264145,78.7994181649933,51.324704977766146,80.36797847698466
155,38.989478176996506,67.18672169657118,60.23345845200304,61.3602143632373,66.73504970952538,58.97504568890738,66.69307780812076
156,42.69971036312754,88.47313235649784,56.792893259196354,78.59715075172399,80.71633150790842,62.83982934566371,77.09193994334163
157,29.691475439639348,88.4204247295626,72.16505352607992,71.9680578292436,76.97283126357178,59.45508995102382,73.37962784753483
158,54.441705837396746,85.34933226902362,70.65731930596083,67.82653074544166,74.6443211486373,51.65695246479441,72.92609352453228
159,43.96344591204287,74.66074804697462,76.19607498873692,71.47714663085031,72.29077003125535,57.563287046910894,71.37784976690325
160,568.4640651766059,542.6330555068107,554.6089035806037,578.4624798855057,521.3556779393251,513.0290938550968,511.88910361082355
161,226.2722405140662,262.8846356601672,232.1476145386904,231.06969562094855,224.97509086857121,232.08845606159645,220.86064075144003
162,136.37226852488791,141.91762588575952,152.46905258728668,137.64155949526355,147.33843272609943,153.4587562684667,145.84418626195838
163,135.08390741206716,148.20101260290963,135.29065157880765,132.28187835786537,135.32399685826243,140.6539849850316,147.4670098927717
164,87.99858076514103,87.09132160357964,94.993912280831,87.42807693442063,90.77000437456829,100.55226725105544,91.62207142863721
165,124.27760756976106,118.46999519048431,125.7634983572111,117.1630106499513,126.08147477196984,123.17758939588529,126.95688733171284
166,89.25882020118105,87.27241481505145,85.13685949339937,82.59401413535568,84.69319817360366,84.22348966568674,87.39254091916928
167,80.11896579703017,92.66141730652821,75.60291595381541,86.94184633574321,88.33300766234409,104.90827736626014,90.37243691408105
168,61.368212064365004,62.13229087166563,59.70184284141454,58.36794062681994,67.412948777694,67.63533186460931,57.96135162974289
169,68.4573456878856,100.36875295862643,94.19554921914943,97.16457676649956,100.33281939900132,89.22600509892831,99.4855157225766
170,76.77214173664498,76.64697363792199,70.36588733386296,72.23001292145405,85.65958321377073,86.21165581205969,72.63446335637757
171,84.80967729971792,94.96057180492355,86.66746286712612,98.00586692714748,102.19053029303723,87.40102774730454,85.62961233162449
172,78.28002774568832,78.67154313609001,80.84337171806388,79.92035766476265,82.03451253507122,60.7686877735796,75.2033294615236
173,57.716867052415154,81.0881348172629,58.692654568278996,73.93286011142237,77.7798816661481,66.35789498650271,72.06255637229164
174,28.35889147530231,93.72178445103899,75.09724366435148,82.46644068115894,87.87844861431057,63.12625533950367,85.97845727656002
175,41.447823904618545,74.4244301106755,63.783447051170896,70.76969167770153,68.31145167750577,57.40991645765198,71.41788112483431
176,68.94496887505288,85.36297131946147,86.62614424871165,87.22610816896234,85.44628440247318,53.75789445793574,89.08414562778808
177,35.98432530748272,81.0705167387915,75.32587758287184,75.91173156342234,86.47200352885368,53.88615095637865,77.46332609751347
178,30.550461263645367,75.94212186954647,66.15560306658196,73.12352537662122,72.87583942265616,53.652072277400194,72.07324717021388
179,52.25443036165774,68.29049412307612,67.23623404054808,71.3484106325711,70.31055366042489,66.94024350810285,69.55488592670926
180,31.411720478070514,56.4086583504321,57.33085458039303,45.8063372538214,59.831356021856614,48.69872246829523,47.29418346460784
181,25.247557417105703,35.28481426082469,31.35148622681269,26.582793964852677,30.547117516045358,32.06245645752621,30.144991505488953
182,16.95410902910071,22.2696381288355,25.81158387713637,21.541346908298124,24.69152858050406,22.136114245090077,25.83986360590645
183,12.586298479513188,15.681636109568554,15.724336897645774,12.784178599721642,17.477607564146513,15.631609129111542,15.575040245914868
184,10.914009165054509,13.761038529365475,13.328862270654572,11.287516468495383,15.018677316065443,14.519870412833603,13.008282261747798
185,10.592750445654513,13.46732306090427,14.089036735203916,14.088687421010341,13.276771310931174,15.510560149102236,15.454819830576334
186,11.78883946305313,12.86663027247485,14.322610097731252,12.766038537146844,12.57217163758084,13.590449273287978,14.241122207968239
187,7.893421378332174,9.674053016282077,9.817602405085482,8.173386600918548,10.734011170416222,10.466598173733612,10.214416373984214
188,5.534001128069207,8.998219708530634,10.088263923136083,9.01828207230194,9.495742957206538,9.395336136262163,8.799886583142714
189,7.91354563717608,9.971238415858636,8.717202761496315,10.630247711327478,10.653550234463577,9.452046951836792,10.038241390712866
190,6.600979165488896,9.98510524209961,11.061943385507371,9.684261974049267,10.62056135775089,9.197116014466449,9.14391686664333
191,7.068381598288333,12.5115248482191,11.080557145091094,11.005243865002692,12.322075680137573,10.16380684706769,10.025662494958581
192,5.656904692935827,11.50496663039042,9.041561252446872,10.6763709738552,10.275538043548957,6.548564936087432,11.144934309877055
193,5.501163285179609,12.117757454955989,12.23124556421668,11.367465842590711,11.275209081428148,6.673648505295807,10.930018888267767
194,5.714272088900351,12.473316361731161,13.426879943604447,11.462069124204191,12.370598796206197,5.8323987498294745,13.362674128673891
195,4.069043790494937,12.96489387721503,11.258719211795839,11.376805691844137,12.090895898096594,6.834102736109443,12.063332956870177
196,5.203280570489228,12.446415376477042,12.293407926820002,12.839419310076035,12.81141817705684,7.353172322007451,13.258583269515743
197,3.8400746111877866,13.429544339136616,13.04813588193887,13.049503749788924,13.565803754304685,8.909342825671745,12.586044645849986
198,4.677003869302071,12.75793914371734,12.489013673110462,12.661165775694322,11.557786924629031,10.511954619785659,12.021972158264141
199,4.915572285312429,12.6282650994931,11.926104832561936,12.313465445887594,11.709199221162216,11.400264257931049,11.911392064449451
200,82.90507805643477,86.57019340267995,79.27676093363407,87.71137202894433,86.17704339730017,85.625034760543,82.92317101867437
201,35.4445104713479,40.338686851589685,34.56868589958442,35.73544991365767,28.11108436324862,53.12267605461889,36.28708886498644
202,34.24418274441483,20.570180921423322,36.27386139739771,26.248704721564216,38.12164748921239,29.298358456725417,36.91136031700704
203,42.405450029076604,39.20643517161737,50.31075829451605,42.2760225696301,28.34902649203803,29.6371339469977,42.41272018635989
204,42.667228409945146,40.06802559379879,46.00499793546136,43.918470229038505,34.9716227939047,47.25274443403988,43.34262844595895
205,52.1628586529969,54.366895370806304,50.738200151888336,59.3057529205451,33.63757896120954,73.86329351624322,53.01703459631134
206,42.31165169960037,54.20512720105052,48.98866416463693,40.63620760241138,32.444459330022404,47.743061259844495,46.629205595890916
207,26.259682409673868,29.61779761795234,32.275764212646735,34.373689110377384,39.12881704938237,38.25621785000786,34.234699376065365
208,47.05259827028889,54.42525809563753,45.675000275665106,44.00112360688455,46.83504763536463,53.70999603957588,43.87556086607506
209,24.24959923391555,53.23434287325902,61.20523405595299,46.93057119999483,45.69788969733282,42.344584383547044,47.19216788437876
210,42.34400034615355,42.46492240310933,35.05444880633614,37.17471445533168,37.17527902220759,49.90955545596694,43.06461094495588
211,33.748839442262,43.77486087191139,33.52108880720985,40.176719022417714,48.69585918073233,37.66133662632741,41.24866701312277
212,69.95099449047943,44.35898425728582,44.15445366331298,41.64341978789855,42.25306208694833,60.62114915976203,43.33251392441994
213,29.608342906801745,38.229120830993274,39.93117208430605,42.03628459339908,45.798724831012834,46.35736511678885,41.91584388426826
214,25.3418359427401,33.07613596207138,30.16660089316089,36.47117201438448,28.459798451088954,30.33370889490822,37.659764858757704
215,15.633891341399634,27.7400551556032,25.896078394860766,28.585109191285824,29.32765694193347,29.97430221989042,27.12690148126034
216,63.8320494011066,44.21378237178752,27.982173092134346,38.68163485836037,39.540075955070066,37.738835738280144,39.80957297155406
217,21.502013273589252,29.967223673656463,24.858025195237598,28.775835446506065,25.240556723431133,24.66897875085669,28.12548353883047
218,22.24815302113818,36.81947605216728,37.98840696611752,34.26106325218886,31.43512722739923,27.54454214630274,35.31581563569279
219,47.694304064759244,42.90082877168223,49.68492750111831,50.07808564102345,59.43174825095963,42.572147277954485,48.58927587369701
220,10.091142202359835,10.40201937620044,9.69950867130248,10.588134500608954,10.570954735774215,10.096553572126206,10.355586247281106
221,8.080829669576836,9.539050312254272,7.711580956985372,9.050721016166293,7.613462589631103,8.250813717327446,8.164542903146762
222,9.187185656116885,7.186858681855421,7.589279230297127,7.599360374105494,7.88473812905357,8.372736226130712,9.609635245405054
223,9.607207872337224,10.078331301059068,11.376810840593894,9.7645817280053,7.201660278864971,9.591941691466197,8.781008833209182
224,8.727604942802262,8.887576415706558,8.770166290015814,10.49962871327694,8.618110108427341,8.412967601192582,9.257486343141975
225,12.047701119468153,8.460332234307153,11.293050393068313,12.349499686748883,10.913239428804719,15.15064757639202,10.908299353582077
226,10.553866536158662,12.019662121378875,9.619761029353052,10.01414098694196,9.782957488068808,8.360214365001719,8.969876511187476
227,7.585635675854642,7.545537727384918,6.991200122302866,8.278563215597526,7.183853707731231,8.370587114859466,8.77111077194951
228,9.697993233422032,10.35909333962106,9.571321810928621,9.36029475932667,10.151827166919542,9.998471565071519,10.438687700699504
229,8.434000711680378,10.320441425779324,12.034965639171796,9.875568625097655,10.038093376314709,10.177139226558584,10.329408809829086
230,10.543384627035254,10.57846564841087,10.35469670853208,9.652327879815935,10.433913644901814,12.365821715343598,10.757804630043573
231,9.152225572836155,10.66329405574059,8.999050127911968,9.600116786894102,9.792174750698535,9.308382378020925,9.018657556450178
232,9.433295391243256,9.357280760168116,9.47439481303342,11.048412081375234,9.032501612144388,8.734842907390444,8.847163392590659
233,9.526302369183393,8.933917618571794,9.415699641060927,9.286451839549152,9.673653254567052,11.274872276211429,9.98483895209797
234,9.619245484466754,10.558848162503772,8.822850345997889,10.852007683066946,9.410794103643532,9.599900184860097,9.667753519754816
235,7.3663135628593075,7.914650564285496,7.4235721876027005,7.824764985352935,8.969000835438003,8.965746455760142,8.722836027916326
236,11.0937948073451,9.802203376210585,7.928997716874568,8.602221898235513,9.034692362195175,7.028613702859239,10.141478934984413
237,7.547943350088177,8.156121221246948,7.617259153749645,9.774281830618035,8.591373842384067,7.314157871724218,7.641261639392594
238,7.1981384609816566,8.748301385781017,8.961220303030098,9.087721873733893,8.48897844026716,8.155613602414839,9.040227254866611
239,9.716282010991252,9.097576190241366,10.079062282636448,10.027275942747435,11.10317939742313,9.938891120017516,11.220154723721702
240,1.8998847190284822,2.4251056950563523,1.9894262305389483,1.8750190766680783,2.304228609218984,3.511021121873834,1.4866286180061938
241,0.984286776056836,0.9823576786880133,1.1044665248877212,1.122486861647569,1.12076804941452,1.8889287290183419,1.0474691385707402
242,0.8601267771107052,0.6156279054609938,0.6913269454712373,0.471215725353939,0.6536737160300629,0.6154781272312296,0.7939529602781159
243,0.461350522242833,0.46232395923526537,0.5457164147669699,0.4644216222534847,0.40610317818048,0.43592850118679954,0.5062339494542787
244,0.4982329462867854,0.3610466822259814,0.3800148813705191,0.3556903946014595,0.4270710213050573,0.410233303619633,0.4390905893293077
245,0.42908594861905314,0.42024397645547407,0.4684113390019931,0.362054066224771,0.4093130608793641,0.39813932413313086,0.4305095184460882
246,0.5200931336106179,0.4177093007036608,0.4942563187301554,0.42792711881979356,0.4758062547802519,0.45513744589518557,0.39637636277252486
247,0.4067697159077306,0.3504960477768328,0.4058613828326775,0.3717097040813986,0.3938912819605406,0.4845617847487209,0.31995334494535543
248,0.37126790892415934,0.3995346302465985,0.532605229581701,0.37194913349646175,0.3180167723012334,0.3773541028572921,0.35427380190161023
249,0.2844528269973713,0.3761703413342572,0.38315792637014,0.31116360025875067,0.38750939230410764,0.35862863203057405,0.38370582423707145
250,0.36230024404348743,0.3760537839422571,0.3445789544607405,0.28154200830041765,0.34866253311826867,0.35680374345272087,0.3027360628097203
251,0.31516723749963604,0.2605273473577963,0.2947836202055368,0.2309082230256814,0.29316262866804205,0.3068880479905607,0.2723388119258138
252,0.2733509541227569,0.3428623492100203,0.34658167665172157,0.2846408702860853,0.31771680602099767,0.3146448415032768,0.2929088006518434
253,0.3447733102690466,0.3124469159048975,0.3519664025194279,0.26050024186525633,0.32088467090578054,0.3086115508389138,0.32782089247072976
254,0.2884182597791257,0.26757878502008253,0.3618298818744361,0.2829553158178937,0.28355522700843117,0.2717139825372285,0.2810340302715135
255,0.28646012762518974,0.28287048418030813,0.31384501943623594,0.2998839722480027,0.32893927947779605,0.25968304093831773,0.2757308279553638
256,0.3721431621420182,0.2822009505018998,0.35058863174434407,0.2857789141463778,0.347525175626898,0.2959943235986853,0.30734632835935943
257,0.2986991024138629,0.34160127069535134,0.276232583623918,0.28193244390902855,0.3135905676693307,0.310121089523005,0.2886474007085876
258,0.31916811833142555,0.274479905289587,0.3236371111617661,0.23127147206395005,0.28736888720655457,0.38406158903527776,0.26665218951370717
259,0.3061857101212887,0.2617583191357307,0.36192662168681144,0.2535427314442969,0.3113640794776973,0.3047473818663998,0.25913070304862695
260,476.4809850584756,361.5174909242836,431.99375162515264,417.7284657323393,382.79332134041243,406.0291294040619,412.63323467644784
261,166.8134934010944,207.77862906758125,205.40365362691122,203.72516978386858,232.1466510376801,250.10752828592496,232.1663392629165
262,229.98224349615316,195.77694421301257,200.73955219107143,184.62493307102784,204.95158306181634,203.86926399463084,192.71480639067335
263,185.20427319733938,185.2851135105118,212.74706776554098,172.99769670337824,205.98577882767896,197.25468301606568,194.05481075164317
264,129.411668858069,119.47423734210659,135.94570930081343,121.70885473306433,153.16273381146462,131.7927459195623,133.31367868231436
265,129.41205052655476,142.7610267913994,151.38469200382437,138.17902912649407,156.96659475705047,175.68594313641938,144.47612753765583
266,127.20944130350975,124.68977787752226,127.64494562190146,120.67694168531813,109.2305123902884,127.70975153411024,131.6131797394099
267,111.63030005405801,104.08388990398778,103.72240614397114,93.72622974936951,104.33226725397009,95.30040930702982,118.32685014155985
268,82.52818212265475,120.70666317560426,116.7626205414362,104.58478203715886,115.79282545861301,118.90255263291434,101.8939888520601
269,62.171031963010144,116.91280778918419,100.29554748906324,95.54110031651561,100.6722438325631,104.73980426580883,122.71493226131571
270,94.06721505599211,93.76178283154424,109.45447044634194,87.56222808378482,96.96419174025979,90.66967365037854,93.31782179560045
271,94.0440790325085,94.34391084877655,87.5558191186519,93.53017006848347,99.40854273554027,91.51355300592084,69.32972024452926
272,88.78664530617371,97.30590916113192,96.16623857785194,95.2790506925989,97.25628297301645,105.76680011298247,86.6724485218011
273,70.48269550569044,79.34698618370922,89.52655792419279,76.69022802610493,85.55166714138339,71.15847303104013,83.44352182247721
274,68.42743143204761,96.22175566912856,98.8139651140963,91.21884400345847,95.91006055467571,66.63874655618207,92.33336915455291
275,44.529737103954425,100.50236421928443,73.03516970740412,85.47671131143656,90.74611999739453,88.85610986008184,88.61533969531412
276,60.36620895949773,93.68609025731038,80.36046872845843,85.95727785799642,90.74088172055377,70.63709866705832,88.69670004601382
277,56.50266323933266,99.22445001258178,92.91094613372388,83.38988421151184,86.92317974851561,70.1159183171295,83.1685443349021
278,50.92323492023768,91.25398916630776,83.42290303705236,87.2949503277831,83.60078496075288,93.39639648006289,90.15380164106563
279,54.34868283874634,105.58861968979932,95.88650435690052,98.65634955445329,101.50202534562138,70.14905975664934,96.02044488700707
280,524.7104904260038,563.2634253734966,595.2362565131247,592.0435850779548,626.7143828220572,589.4767611210345,617.8009316065169
281,224.60924150568977,259.5297664022605,238.4868190235914,205.8983759596154,210.14993567843584,252.40700262442869,236.87022908080982
282,198.85539035013528,172.57653182128922,163.91671372002935,178.21891289693232,144.9714429045028,177.86711563475473,172.64017641489042
283,127.90401912169726,174.59840506694476,150.03654175853265,144.49979677354256,150.04875658948114,156.5772610626517,156.69703362343935
284,131.8280675968979,126.73045877232988,127.2438078018912,135.56251509571138,115.09766489599099,129.60814353818145,147.66334489266703
285,114.24261164096615,126.48529727055362,134.5279421795706,123.68682555350487,133.39329149033696,166.15049926186765,128.67889974173818
286,92.52153237310509,104.85722040773308,108.859954646994,103.12043350164792,80.35699612441573,106.81114990603564,83.77999129288492
287,79.52582191485794,85.26651835854031,83.63848242905671,73.83629431622236,85.22596299836557,90.52301569269324,87.97741201481647
288,104.17033418822348,90.91155693625643,93.09710921490925,84.60449073505384,90.07690312503648,89.73077116405669,94.20748256201156
289,69.22307402829345,106.54912408466441,89.77795844386192,100.05450603978113,104.43744533291073,92.66240147226591,90.139416678712
290,77.03163257903421,88.9868098227796,101.74445679041531,84.9149288841345,97.53314675872528,93.15590766725448,87.3486270929539
291,91.50750649334452,91.78152125712829,76.56819110555503,96.29672033319841,105.9931862908484,73.13808752748008,92.32140867441609
292,78.17958113532177,92.97650513951015,87.99192523749798,87.21082062197473,87.79594468450605,105.0240806406783,87.40295738786153
293,60.143432887746094,94.28274376003924,102.19888532124862,89.60426617917855,88.95089842612964,87.87550757972787,90.35437445191437
294,60.040257346025896,105.47203075719924,106.80213563597498,97.18125120855079,99.13316347640514,79.20200609212513,93.21684780747275
295,52.47347827341328,89.97593356345351,76.15857215605773,85.11645054605566,90.51299259593641,58.58309973490031,85.2968393679185
296,51.28126347306021,88.79021808605927,90.7366839237609,82.38135312949123,83.69648612468194,67.4066420759847,85.15799722494685
297,52.87220633305084,95.28204411072477,81.12718460218173,86.68107575369567,92.02509973043924,74.6017876090455,90.62920588460372
298,51.110927944969,92.23525268172459,78.72340836613303,83.41697497253173,90.40424255737608,61.24982454313192,91.18574153198253
299,40.90440167174986,78.55009585950644,64.20387146690891,76.88329605109848,74.9069750828873,67.05771215338515,71.756875417542
300,47.283957139448596,59.02897162777939,68.59943281125256,54.884003329952066,67.19095677530944,60.6784375062263,61.958330481185286
301,25.368907505806348,39.078177403566364,34.21519986612174,31.14059636801605,39.04921073504979,39.745006212349175,36.59863132067216
302,20.692292733093595,21.66389382394653,22.80824446665657,23.147774014919797,25.39134982157422,23.81014857515756,22.724925431518383
303,13.574192788268785,19.026757971842486,15.758773443718846,16.24444327659513,19.595125775610384,18.82072001994595,17.268208952986264
304,14.711033229810967,16.918938831019396,16.135189338738623,15.570961066132584,17.059182637344012,16.224913949927345,16.416191963464122
305,17.860264316889477,17.85739478292087,17.856337315273567,15.86463520655691,18.876867724170538,20.275966890794194,18.73804056466953
306,15.01450771533211,17.459568404830968,17.423316994667637,16.081046000068845,16.441040789731858,17.655313372512268,17.895498760235892
307,10.515329924480334,13.429317982002804,12.619971216052358,10.075515668049837,12.929181538979797,12.438915707265894,12.440152016289813
308,8.689002145696099,11.610627447211131,11.648940297081522,11.421216403621898,11.67412854906992,10.93720462411246,11.564978831732999
309,8.093549382505836,12.105521531986675,10.614571694206779,12.093693250617179,11.668800133968142,11.287463320171785,11.81371720005479
310,8.918823665937733,10.731715194624016,11.804755125887048,10.702602650135185,11.676787769901004,9.95992127386496,10.06876550401079
311,9.130970083323486,13.922481957194634,11.629810993437676,12.307047383655934,12.904703609401292,11.879169181323043,12.722563702139816
312,6.626868456377595,12.010077046407385,10.174542194923141,11.14240831967359,10.68856016054453,9.661056251321808,10.652104304922851
313,7.358578316024181,12.000909217458743,12.583660039206345,12.152520687548082,12.51770620371367,7.58758309699914,11.792303236222601
314,8.46581863805374,14.153000810737208,14.902660637161148,13.49022216885908,13.710477543736435,7.406581660969146,14.276821745204735
315,5.753282320863332,13.920963695787755,12.649870058002465,12.452005434104308,12.884346182222739,7.9027531846070085,12.759302223521658
316,7.212511339622107,14.208146086819287,13.003537612286264,13.955999646390588,13.729629091288743,7.490632017368402,13.895924981166903
317,5.975420935381726,13.78869256348611,14.270197471830803,13.837618662601068,14.169275922519688,10.35837832669148,13.83317797036753
318,5.847402775948467,14.105575165847156,12.492929969100324,13.643072694641038,13.377440956846083,10.322895026907386,13.113512846114865
319,6.312350128733174,14.134438310489159,12.685401138167002,14.198260421427442,12.137474893936943,10.462008020910286,13.711099732156953
320,67.92823446881305,67.31018066705423,69.6253010263955,65.17684121706887,96.71075792322881,66.01917307238168,63.814367367236784
321,42.109286450814636,38.00561772242618,36.02264647737582,32.500556040628155,35.81185613734094,40.25422774511064,34.432716741972875
322,36.9438682629578,33.08664217802409,35.314401235788935,35.17440108126282,28.248038412414644,33.40066027814323,37.47110695395539
323,84.82815825434686,71.9460162579763,94.94361636149497,70.3325350762404,78.46638905528354,69.64910240880546,71.16548633773645
324,43.54644879395628,47.58044692260341,46.462701551196766,44.87215193212354,48.68726812589803,47.84235095384139,50.00713937548511
325,45.39118298921163,43.36441396054522,47.862651312658244,43.9019842761712,41.0577162057808,62.95747644726518,44.09461719916594
326,47.62188382362913,46.432158925602195,64.15493608608656,50.85685050484444,59.36516129704726,51.99923880430639,51.23167327338767
327,27.748923611492955,27.681241900900226,26.124488123305653,27.205331897594803,31.414720103421956,27.17750742389979,29.718542417555547
328,40.11358057776924,45.386702295233576,45.90425280226575,43.192868013660735,44.04233752607114,54.08365061946652,45.77460744160105
329,19.493364052423686,52.26752429931352,41.324254175198256,52.65589698058278,47.44285157915501,48.58780443440473,55.141950262884635
330,36.45234046823592,36.853957962063966,43.86896869668509,39.80059427612385,33.34391880736398,38.04897742159929,40.25358246844858
331,36.35338882131503,37.9656976299271,33.212816851380445,42.37430288240982,44.72843762346649,30.277346928246548,36.8710177338518
332,49.54956321280884,41.00098196850065,37.92603928549909,39.96210325180523,41.63958640026257,58.67989506626212,37.78627646998021
333,29.61469124352133,28.352824596649516,28.537143545527254,30.341703313261377,33.522522002542765,35.830777042887235,30.73277839117699
334,26.80936198290138,26.167940297663193,30.767704409053064,33.90498041430214,34.579812268849224,34.950442551325594,32.93196192805882
335,19.894031533635992,42.64194270298467,28.670287570305046,39.19666081316942,35.852749339565406,39.88970142481289,40.29806528600487
336,38.97254645461114,35.44073344733211,27.783407751764173,34.454957746247516,35.19159511097053,32.452237040263945,35.08619863586354
337,35.02826420760795,33.9194185951714,38.899951222150165,33.92853292298041,29.01597586170335,29.28568242839657,33.87351825924592
338,27.046007158415826,35.02880783545794,44.59180933900491,36.649994120502214,33.541765265924575,42.28907896581268,36.99277085719948
339,26.107222586869973,38.377248964088345,30.33243502874302,33.126873393012374,33.299737463963204,35.937052105842085,34.08965011610042
340,8.240848460462242,8.270270091477236,9.556261099365754,8.366912399367848,11.135363010720564,9.302868057289656,9.040452231889168
341,7.3045606947222215,7.766204458308081,7.082127351183182,8.83649743618845,7.278151081104265,8.224526745940722,8.575659225960388
342,8.042936089250759,7.54590606233286,8.112531072212082,8.60217830566363,8.768737535199522,8.597108164594285,8.014534277896528
343,9.548473748962108,8.503180835775833,10.657653111675582,9.357635705172228,11.024403554461077,8.189167598827758,9.707550762816934
344,7.76769811251549,7.52502194600418,7.2685235544647515,7.370313412794934,7.015664510723381,6.574626932094366,7.78207483261689
345,7.738384028357418,7.795398870239902,8.131561656322802,8.698866536520843,7.906990082578099,7.018769292466697,7.490178944537721
346,7.596471947967256,7.939415415733965,7.829527437815875,7.8513453744547075,7.498258827534268,7.678614140006793,7.536583624506282
347,7.083673247631184,6.7606864772140005,6.608681846461314,7.359994492421048,6.56579633447198,6.88150093438661,7.785255946191925
348,5.5804084221829,6.727611869955048,6.830305053917974,7.430302736588354,7.061082925812155,7.796802177770389,6.367350121164341
349,7.2953559876093514,6.583529483949604,8.666057845520793,8.329599574762295,9.556811245734911,8.993313107711902,10.644189355117913
350,8.170612527540584,8.344057206080908,8.721588325270362,8.48607327040152,7.717697476429126,6.9079600079233305,9.285363562912128
351,6.159907276481045,6.579776374482371,6.766563299289393,7.365756178549326,6.920054212294897,6.076849827908768,7.42358141122725
352,7.342733756287286,7.352563709105688,7.540012535398473,7.615825174076914,8.77979024737692,8.216284597107485,6.18043704892848
353,6.106243704855478,7.135560943712018,5.985343984954902,6.861148405657291,7.089502604723531,6.598957669844716,7.068296712968278
354,6.17122669962678,6.955444851361152,7.48841814297722,6.6828638226124,7.885994736584847,6.496788587963384,8.013188774367023
355,7.092282884625853,7.845140794061854,7.384365486257652,9.221572347885026,8.524020433581974,7.0229050006498515,9.696219532919036
356,6.723590050914176,7.642487373859786,7.283083315462118,6.77718962673537,8.38560376240631,7.208065724571703,6.685625154539789
357,7.110643718889833,7.868904182678961,9.378812307606637,7.838095046364495,6.9232727692072125,7.031367209705584,5.41403042139851
358,6.648708500116923,8.35931456090377,7.4564358063534,7.074801768349735,7.2306370293208815,8.509069680840666,8.60116895219488
359,7.518514502093304,9.212416556943616,7.66839620814131,7.510630221449324,6.75626326242279,6.919444223261103,6.6688047464738505
